user_id,age_group,gender,region,primary_platform,daily_usage_mins,posts_per_week,accounts_followed,engagement_rate_pct,years_active,daily_category
U0001,25-34,Female,Urban,YouTube,33.4,4,94.0,11.1,2,Moderate (30-60m)
U0002,55+,Female,Suburban,YouTube,34.9,5,276.0,17.2,3,Moderate (30-60m)
U0003,35-44,Male,Rural,Instagram,114.3,5,55.0,20.599999999999998,10,High (1-2h)
U0004,25-34,Female,Suburban,YouTube,35.6,3,209.0,19.8,9,Moderate (30-60m)
U0005,18-24,Female,Rural,YouTube,64.1,2,2637.0,4.1000000000000005,13,High (1-2h)
U0006,18-24,Male,Suburban,YouTube,37.3,2,79.0,7.1,9,Moderate (30-60m)
U0007,13-17,Female,Suburban,WhatsApp,6.0,4,144.0,27.900000000000002,5,Low (<30m)
U0008,45-54,Female,Rural,YouTube,112.4,1,37.0,9.4,14,High (1-2h)
U0009,25-34,Female,Urban,WhatsApp,68.0,5,112.0,32.4,3,High (1-2h)
U0010,35-44,Female,Suburban,Facebook,90.5,2,156.0,10.9,2,High (1-2h)
U0011,13-17,Female,Urban,Twitter/X,17.5,3,114.0,32.1,8,Low (<30m)
U0012,55+,Male,Rural,Facebook,44.3,6,26.0,21.099999999999998,6,Moderate (30-60m)
U0013,45-54,Female,Rural,Snapchat,106.8,3,115.0,12.9,10,High (1-2h)
U0014,18-24,Female,Urban,Instagram,23.9,3,520.0,11.899999999999999,11,Low (<30m)
U0015,18-24,Male,Suburban,Instagram,87.8,7,154.0,8.6,12,High (1-2h)
U0016,18-24,Male,Rural,Instagram,63.4,3,286.0,5.2,7,High (1-2h)
U0017,18-24,Male,Urban,WhatsApp,37.7,1,68.0,12.2,1,Moderate (30-60m)
U0018,25-34,Female,Suburban,LinkedIn,35.4,0,221.0,8.7,1,Moderate (30-60m)
U0019,25-34,Other,Rural,Instagram,29.7,3,126.0,6.4,10,Low (<30m)
U0020,18-24,Male,Urban,LinkedIn,67.8,1,29.0,16.7,2,High (1-2h)
U0021,25-34,Female,Suburban,Instagram,73.1,2,132.0,19.6,10,High (1-2h)
U0022,18-24,Male,Urban,LinkedIn,50.1,1,27.0,41.099999999999994,3,Moderate (30-60m)
U0023,18-24,Other,Rural,YouTube,28.2,3,42.0,33.5,12,Low (<30m)
U0024,25-34,Female,Rural,Instagram,86.2,1,113.0,9.5,1,High (1-2h)
U0025,25-34,Female,Rural,YouTube,113.6,2,129.0,9.700000000000001,14,High (1-2h)
U0026,35-44,Male,Suburban,Instagram,96.4,4,22.0,4.8,5,High (1-2h)
U0027,18-24,Male,Rural,Instagram,204.8,3,319.0,21.8,3,Very High (2-5h)
U0028,25-34,Male,Rural,YouTube,57.3,4,179.0,17.2,1,Moderate (30-60m)
U0029,25-34,Male,Urban,Twitter/X,146.6,2,39.0,12.3,8,Very High (2-5h)
U0030,13-17,Female,Rural,YouTube,40.4,2,14.0,14.399999999999999,12,Moderate (30-60m)
U0031,25-34,Female,Urban,YouTube,35.7,3,76.0,4.9,11,Moderate (30-60m)
U0032,18-24,Other,Suburban,WhatsApp,70.6,1,53.0,22.900000000000002,6,High (1-2h)
U0033,13-17,Other,Urban,Facebook,166.4,2,103.0,25.3,9,Very High (2-5h)
U0034,55+,Female,Urban,Instagram,52.9,4,58.0,47.4,3,Moderate (30-60m)
U0035,55+,Female,Urban,YouTube,17.5,6,8.0,5.800000000000001,9,Low (<30m)
U0036,35-44,Female,Suburban,Instagram,112.3,4,56.0,4.7,9,High (1-2h)
U0037,18-24,Female,Urban,Instagram,61.6,1,62.0,4.9,12,High (1-2h)
U0038,13-17,Male,Suburban,WhatsApp,79.1,4,193.0,20.8,13,High (1-2h)
U0039,35-44,Male,Urban,Instagram,37.1,4,39.0,7.5,12,Moderate (30-60m)
U0040,25-34,Male,Urban,YouTube,70.1,1,675.0,37.5,1,High (1-2h)
U0041,18-24,Female,Suburban,Facebook,19.9,5,9.0,6.7,3,Low (<30m)
U0042,25-34,Female,Suburban,Instagram,187.8,2,434.0,7.000000000000001,6,Very High (2-5h)
U0043,13-17,Male,Urban,WhatsApp,125.3,1,69.0,24.2,8,Very High (2-5h)
U0044,45-54,Female,Suburban,Instagram,68.0,4,253.0,13.4,4,High (1-2h)
U0045,18-24,Female,Rural,Snapchat,110.4,3,99.0,11.799999999999999,5,High (1-2h)
U0046,35-44,Male,Suburban,YouTube,40.5,3,353.0,21.9,9,Moderate (30-60m)
U0047,18-24,Male,Urban,Twitter/X,121.9,6,57.0,27.700000000000003,6,Very High (2-5h)
U0048,25-34,Female,Urban,WhatsApp,51.3,4,24.0,26.3,12,Moderate (30-60m)
U0049,25-34,Female,Rural,Instagram,48.8,9,495.0,6.7,7,Moderate (30-60m)
U0050,18-24,Female,Urban,WhatsApp,31.3,3,79.0,28.799999999999997,7,Moderate (30-60m)
U0051,55+,Female,Rural,Snapchat,85.6,2,117.0,44.2,4,High (1-2h)
U0052,35-44,Female,Suburban,WhatsApp,66.1,3,396.0,39.6,4,High (1-2h)
U0053,55+,Female,Rural,Twitter/X,149.4,2,26.0,12.3,4,Very High (2-5h)
U0054,45-54,Female,Suburban,LinkedIn,28.5,5,184.0,20.9,14,Low (<30m)
U0055,25-34,Female,Rural,Instagram,85.8,4,44.0,33.7,11,High (1-2h)
U0056,45-54,Male,Urban,Instagram,132.8,3,77.0,11.200000000000001,5,Very High (2-5h)
U0057,13-17,Male,Suburban,WhatsApp,74.0,5,98.0,38.5,5,High (1-2h)
U0058,18-24,Male,Urban,YouTube,50.6,3,15.0,12.8,8,Moderate (30-60m)
U0059,13-17,Female,Suburban,Twitter/X,72.7,1,35.0,7.9,9,High (1-2h)
U0060,18-24,Female,Suburban,LinkedIn,142.3,3,455.0,5.7,2,Very High (2-5h)
U0061,25-34,Female,Rural,YouTube,142.2,7,261.0,27.0,11,Very High (2-5h)
U0062,18-24,Male,Rural,Instagram,59.9,3,83.0,6.2,7,Moderate (30-60m)
U0063,35-44,Male,Suburban,Facebook,140.7,2,121.0,17.9,1,Very High (2-5h)
U0064,25-34,Male,Urban,Instagram,64.0,5,63.0,60.699999999999996,1,High (1-2h)
U0065,18-24,Male,Urban,Twitter/X,109.6,2,458.0,10.8,4,High (1-2h)
U0066,25-34,Female,Suburban,YouTube,92.3,4,71.0,46.6,10,High (1-2h)
U0067,18-24,Male,Urban,WhatsApp,49.2,1,119.0,28.1,7,Moderate (30-60m)
U0068,35-44,Male,Urban,Instagram,32.2,3,356.0,19.2,2,Moderate (30-60m)
U0069,13-17,Female,Urban,WhatsApp,134.9,8,35.0,12.6,11,Very High (2-5h)
U0070,55+,Male,Urban,YouTube,158.0,3,584.0,20.599999999999998,2,Very High (2-5h)
U0071,35-44,Female,Urban,WhatsApp,84.5,5,14.0,3.1,1,High (1-2h)
U0072,18-24,Female,Urban,Instagram,63.9,6,636.0,7.9,10,High (1-2h)
U0073,13-17,Male,Urban,Facebook,25.6,5,58.0,11.0,2,Low (<30m)
U0074,35-44,Female,Urban,Twitter/X,132.8,4,67.0,35.199999999999996,13,Very High (2-5h)
U0075,35-44,Female,Rural,Instagram,78.3,3,9.0,29.7,7,High (1-2h)
U0076,35-44,Female,Urban,Instagram,54.2,4,52.0,32.5,9,Moderate (30-60m)
U0077,35-44,Male,Urban,Instagram,111.6,0,26.0,4.6,6,High (1-2h)
U0078,13-17,Female,Suburban,WhatsApp,21.8,8,43.0,11.600000000000001,10,Low (<30m)
U0079,25-34,Female,Urban,WhatsApp,30.1,2,76.0,37.1,2,Moderate (30-60m)
U0080,18-24,Male,Rural,YouTube,39.4,4,284.0,19.3,12,Moderate (30-60m)
U0081,45-54,Male,Suburban,Instagram,90.4,0,115.0,44.2,10,High (1-2h)
U0082,25-34,Other,Urban,YouTube,73.3,1,130.0,5.4,10,High (1-2h)
U0083,18-24,Female,Urban,WhatsApp,97.3,7,24.0,9.6,13,High (1-2h)
U0084,13-17,Male,Rural,YouTube,127.3,4,31.0,33.1,9,Very High (2-5h)
U0085,18-24,Female,Rural,Snapchat,99.5,5,779.0,12.1,7,High (1-2h)
U0086,18-24,Male,Suburban,Instagram,190.2,1,37.0,18.6,11,Very High (2-5h)
U0087,35-44,Male,Suburban,WhatsApp,127.2,5,657.0,22.7,1,Very High (2-5h)
U0088,25-34,Male,Urban,YouTube,59.8,1,67.0,30.7,12,Moderate (30-60m)
U0089,45-54,Male,Rural,YouTube,44.1,2,90.0,10.6,9,Moderate (30-60m)
U0090,25-34,Male,Urban,Facebook,61.1,1,325.0,11.700000000000001,2,High (1-2h)
U0091,18-24,Male,Rural,WhatsApp,101.6,4,414.0,40.8,4,High (1-2h)
U0092,35-44,Female,Suburban,Snapchat,47.6,3,79.0,44.0,9,Moderate (30-60m)
U0093,35-44,Male,Suburban,Instagram,103.4,1,56.0,21.099999999999998,4,High (1-2h)
U0094,25-34,Male,Suburban,Instagram,96.1,3,84.0,28.999999999999996,3,High (1-2h)
U0095,35-44,Female,Urban,Facebook,31.8,2,135.0,17.7,1,Moderate (30-60m)
U0096,25-34,Male,Urban,WhatsApp,125.7,2,262.0,11.4,7,Very High (2-5h)
U0097,25-34,Female,Urban,Instagram,82.6,1,90.0,28.299999999999997,6,High (1-2h)
U0098,25-34,Male,Urban,Instagram,184.6,3,189.0,14.7,10,Very High (2-5h)
U0099,13-17,Male,Suburban,Instagram,64.1,2,643.0,20.4,4,High (1-2h)
U0100,18-24,Male,Urban,LinkedIn,52.5,3,142.0,11.799999999999999,6,Moderate (30-60m)
U0101,13-17,Male,Urban,Instagram,28.7,3,131.0,25.4,6,Low (<30m)
U0102,25-34,Male,Rural,YouTube,28.3,5,15.0,10.6,13,Low (<30m)
U0103,18-24,Male,Rural,Instagram,116.6,6,4.0,53.0,4,High (1-2h)
U0104,25-34,Male,Rural,YouTube,173.6,3,143.0,19.3,14,Very High (2-5h)
U0105,45-54,Male,Rural,Instagram,60.5,5,80.0,26.200000000000003,13,High (1-2h)
U0106,18-24,Male,Urban,YouTube,57.8,2,49.0,24.8,6,Moderate (30-60m)
U0107,25-34,Male,Urban,Instagram,68.1,2,121.0,6.3,10,High (1-2h)
U0108,35-44,Male,Suburban,Twitter/X,131.0,4,84.0,22.1,11,Very High (2-5h)
U0109,18-24,Female,Suburban,Instagram,32.0,3,348.0,18.6,8,Moderate (30-60m)
U0110,13-17,Female,Urban,YouTube,76.1,2,100.0,26.5,13,High (1-2h)
U0111,18-24,Male,Rural,LinkedIn,118.3,1,37.0,14.899999999999999,3,High (1-2h)
U0112,18-24,Female,Urban,WhatsApp,89.7,5,295.0,22.5,4,High (1-2h)
U0113,45-54,Female,Urban,YouTube,5.0,3,69.0,3.5999999999999996,10,Low (<30m)
U0114,35-44,Male,Suburban,YouTube,99.8,4,169.0,35.9,13,High (1-2h)
U0115,25-34,Female,Suburban,YouTube,90.3,1,51.0,33.800000000000004,12,High (1-2h)
U0116,45-54,Female,Suburban,WhatsApp,146.5,3,41.0,34.1,14,Very High (2-5h)
U0117,35-44,Male,Urban,Snapchat,165.4,4,100.0,29.5,1,Very High (2-5h)
U0118,18-24,Male,Rural,WhatsApp,142.1,2,91.0,7.5,4,Very High (2-5h)
U0119,45-54,Female,Urban,WhatsApp,68.4,2,160.0,30.599999999999998,11,High (1-2h)
U0120,25-34,Female,Urban,Facebook,16.8,2,65.0,23.0,10,Low (<30m)
U0121,35-44,Male,Rural,YouTube,57.5,4,10.0,28.9,10,Moderate (30-60m)
U0122,45-54,Male,Rural,Instagram,66.9,5,54.0,3.1,12,High (1-2h)
U0123,18-24,Male,Rural,WhatsApp,172.3,2,233.0,8.799999999999999,14,Very High (2-5h)
U0124,18-24,Female,Rural,Snapchat,37.4,2,63.0,12.2,9,Moderate (30-60m)
U0125,18-24,Female,Suburban,Instagram,22.4,4,67.0,33.6,8,Low (<30m)
U0126,25-34,Male,Suburban,WhatsApp,47.8,0,294.0,49.6,11,Moderate (30-60m)
U0127,35-44,Male,Urban,Instagram,39.0,3,38.0,21.9,4,Moderate (30-60m)
U0128,45-54,Female,Urban,YouTube,20.6,0,14.0,13.3,12,Low (<30m)
U0129,13-17,Male,Urban,Instagram,61.4,2,74.0,9.0,7,High (1-2h)
U0130,25-34,Male,Urban,YouTube,68.7,2,50.0,11.0,10,High (1-2h)
U0131,25-34,Female,Suburban,Facebook,19.5,1,28.0,10.100000000000001,3,Low (<30m)
U0132,18-24,Female,Suburban,YouTube,52.3,4,73.0,17.0,9,Moderate (30-60m)
U0133,18-24,Female,Urban,WhatsApp,37.1,5,162.0,11.899999999999999,10,Moderate (30-60m)
U0134,18-24,Female,Urban,Facebook,70.2,1,89.0,15.9,4,High (1-2h)
U0135,55+,Male,Suburban,LinkedIn,74.9,4,130.0,12.1,2,High (1-2h)
U0136,18-24,Male,Urban,Instagram,37.1,0,793.0,2.0,10,Moderate (30-60m)
U0137,25-34,Female,Rural,YouTube,125.0,6,60.0,26.5,5,Very High (2-5h)
U0138,35-44,Male,Suburban,Instagram,65.9,5,126.0,25.2,2,High (1-2h)
U0139,25-34,Male,Suburban,Snapchat,38.5,1,49.0,16.0,14,Moderate (30-60m)
U0140,55+,Male,Suburban,LinkedIn,18.5,5,33.0,25.3,10,Low (<30m)
U0141,55+,Male,Rural,YouTube,77.5,1,45.0,6.800000000000001,6,High (1-2h)
U0142,18-24,Male,Urban,Twitter/X,90.2,4,51.0,41.4,11,High (1-2h)
U0143,25-34,Male,Suburban,YouTube,45.9,2,139.0,30.9,10,Moderate (30-60m)
U0144,18-24,Male,Suburban,WhatsApp,71.7,1,1509.0,18.3,1,High (1-2h)
U0145,18-24,Male,Urban,Instagram,165.3,3,38.0,11.4,14,Very High (2-5h)
U0146,13-17,Female,Rural,Facebook,113.2,3,55.0,32.5,6,High (1-2h)
U0147,25-34,Female,Suburban,Instagram,8.8,6,83.0,5.7,4,Low (<30m)
U0148,25-34,Female,Suburban,Twitter/X,38.1,0,145.0,20.4,3,Moderate (30-60m)
U0149,13-17,Female,Rural,Facebook,59.4,3,124.0,7.6,2,Moderate (30-60m)
U0150,18-24,Female,Rural,Facebook,68.5,5,420.0,36.6,7,High (1-2h)
U0151,45-54,Male,Suburban,Instagram,72.7,1,5.0,3.3000000000000003,9,High (1-2h)
U0152,18-24,Female,Rural,YouTube,86.5,3,5.0,21.4,12,High (1-2h)
U0153,18-24,Female,Suburban,Instagram,60.7,4,50.0,10.4,3,High (1-2h)
U0154,25-34,Female,Suburban,YouTube,65.8,2,336.0,27.400000000000002,6,High (1-2h)
U0155,55+,Male,Suburban,Instagram,116.8,3,14.0,13.0,9,High (1-2h)
U0156,18-24,Male,Suburban,LinkedIn,78.5,7,2.0,20.8,2,High (1-2h)
U0157,35-44,Male,Urban,WhatsApp,26.4,1,179.0,22.6,7,Low (<30m)
U0158,35-44,Male,Rural,YouTube,69.9,3,121.0,19.400000000000002,5,High (1-2h)
U0159,18-24,Female,Rural,YouTube,59.5,3,24.0,14.399999999999999,5,Moderate (30-60m)
U0160,35-44,Female,Urban,YouTube,12.3,1,28.0,27.700000000000003,11,Low (<30m)
U0161,25-34,Male,Rural,WhatsApp,72.3,1,28.0,25.7,7,High (1-2h)
U0162,25-34,Other,Urban,YouTube,29.4,2,103.0,18.099999999999998,9,Low (<30m)
U0163,25-34,Female,Urban,LinkedIn,117.9,2,42.0,19.3,4,High (1-2h)
U0164,25-34,Male,Suburban,YouTube,85.7,6,163.0,9.2,9,High (1-2h)
U0165,13-17,Male,Urban,Snapchat,25.3,1,3.0,20.9,14,Low (<30m)
U0166,45-54,Male,Rural,Twitter/X,114.6,3,32.0,13.600000000000001,13,High (1-2h)
U0167,18-24,Male,Rural,Instagram,147.9,3,23.0,12.2,11,Very High (2-5h)
U0168,18-24,Male,Suburban,LinkedIn,54.6,4,66.0,15.7,10,Moderate (30-60m)
U0169,13-17,Male,Urban,Instagram,59.2,2,47.0,9.700000000000001,9,Moderate (30-60m)
U0170,25-34,Male,Urban,Twitter/X,107.8,3,234.0,37.6,13,High (1-2h)
U0171,35-44,Male,Suburban,YouTube,141.3,4,10.0,5.7,4,Very High (2-5h)
U0172,13-17,Female,Rural,Twitter/X,15.8,2,95.0,30.099999999999998,3,Low (<30m)
U0173,25-34,Male,Suburban,Twitter/X,27.7,3,176.0,6.9,2,Low (<30m)
U0174,18-24,Female,Urban,Twitter/X,48.5,2,835.0,44.2,9,Moderate (30-60m)
U0175,25-34,Male,Suburban,Facebook,52.3,4,50.0,5.8999999999999995,12,Moderate (30-60m)
U0176,18-24,Other,Suburban,YouTube,105.9,1,133.0,9.9,2,High (1-2h)
U0177,35-44,Male,Suburban,Instagram,141.7,3,10.0,44.2,6,Very High (2-5h)
U0178,25-34,Male,Urban,YouTube,148.2,5,5.0,57.699999999999996,5,Very High (2-5h)
U0179,55+,Other,Suburban,Instagram,15.4,2,248.0,21.9,14,Low (<30m)
U0180,18-24,Female,Suburban,WhatsApp,35.5,4,89.0,28.799999999999997,5,Moderate (30-60m)
U0181,18-24,Female,Rural,YouTube,42.2,2,370.0,24.9,4,Moderate (30-60m)
U0182,18-24,Male,Urban,Snapchat,35.4,1,17.0,10.100000000000001,6,Moderate (30-60m)
U0183,45-54,Male,Suburban,WhatsApp,85.6,3,168.0,19.400000000000002,5,High (1-2h)
U0184,45-54,Female,Rural,Twitter/X,92.2,4,848.0,21.9,11,High (1-2h)
U0185,18-24,Female,Urban,Instagram,65.3,7,149.0,2.4,4,High (1-2h)
U0186,35-44,Female,Rural,Twitter/X,61.2,4,125.0,26.200000000000003,13,High (1-2h)
U0187,35-44,Female,Suburban,LinkedIn,50.0,6,91.0,7.8,9,Moderate (30-60m)
U0188,25-34,Male,Urban,YouTube,54.2,4,14.0,7.7,13,Moderate (30-60m)
U0189,25-34,Female,Urban,WhatsApp,164.2,1,458.0,10.7,6,Very High (2-5h)
U0190,18-24,Male,Suburban,Facebook,100.9,1,43.0,33.0,11,High (1-2h)
U0191,13-17,Male,Urban,Instagram,51.3,7,165.0,14.899999999999999,10,Moderate (30-60m)
U0192,45-54,Male,Suburban,YouTube,60.4,4,14.0,28.9,10,High (1-2h)
U0193,45-54,Female,Urban,YouTube,86.8,3,22.0,28.000000000000004,13,High (1-2h)
U0194,25-34,Male,Suburban,Instagram,25.2,3,504.0,40.5,10,Low (<30m)
U0195,18-24,Male,Urban,YouTube,71.5,3,59.0,12.5,13,High (1-2h)
U0196,18-24,Female,Rural,Instagram,97.4,3,515.0,17.9,3,High (1-2h)
U0197,35-44,Male,Rural,Instagram,89.7,1,82.0,10.6,10,High (1-2h)
U0198,45-54,Female,Rural,Instagram,36.0,1,10.0,5.5,6,Moderate (30-60m)
U0199,45-54,Male,Suburban,Snapchat,41.3,3,263.0,40.400000000000006,14,Moderate (30-60m)
U0200,35-44,Female,Urban,YouTube,10.9,0,44.0,21.6,1,Low (<30m)
U0201,25-34,Female,Suburban,Snapchat,103.9,3,208.0,9.6,5,High (1-2h)
U0202,13-17,Male,Urban,YouTube,206.3,3,93.0,9.2,10,Very High (2-5h)
U0203,18-24,Male,Urban,YouTube,32.3,0,14.0,16.900000000000002,6,Moderate (30-60m)
U0204,45-54,Male,Urban,YouTube,126.7,2,110.0,41.3,11,Very High (2-5h)
U0205,25-34,Male,Suburban,YouTube,195.5,1,1256.0,41.5,8,Very High (2-5h)
U0206,13-17,Other,Suburban,Instagram,46.5,2,163.0,44.5,11,Moderate (30-60m)
U0207,18-24,Male,Suburban,WhatsApp,60.4,4,84.0,34.9,9,High (1-2h)
U0208,35-44,Female,Urban,Instagram,76.9,4,327.0,20.4,11,High (1-2h)
U0209,13-17,Male,Urban,WhatsApp,87.9,1,116.0,40.2,3,High (1-2h)
U0210,18-24,Female,Rural,WhatsApp,79.6,3,116.0,25.4,2,High (1-2h)
U0211,25-34,Female,Urban,Instagram,49.2,3,24.0,38.5,13,Moderate (30-60m)
U0212,35-44,Female,Suburban,Instagram,96.5,2,119.0,35.199999999999996,4,High (1-2h)
U0213,35-44,Male,Urban,Facebook,50.0,2,312.0,10.2,8,Moderate (30-60m)
U0214,18-24,Male,Suburban,YouTube,83.1,3,33.0,36.1,11,High (1-2h)
U0215,35-44,Male,Suburban,Instagram,63.7,2,497.0,56.10000000000001,8,High (1-2h)
U0216,18-24,Female,Urban,Snapchat,13.9,3,81.0,10.6,3,Low (<30m)
U0217,18-24,Female,Urban,Instagram,138.2,2,31.0,9.6,4,Very High (2-5h)
U0218,35-44,Other,Suburban,WhatsApp,42.1,1,298.0,26.400000000000002,3,Moderate (30-60m)
U0219,25-34,Male,Suburban,Snapchat,146.5,0,64.0,5.3,10,Very High (2-5h)
U0220,45-54,Female,Urban,Instagram,123.7,3,224.0,34.699999999999996,2,Very High (2-5h)
U0221,35-44,Female,Rural,Instagram,75.4,4,63.0,11.4,4,High (1-2h)
U0222,25-34,Male,Urban,Instagram,90.8,4,84.0,34.5,6,High (1-2h)
U0223,13-17,Male,Urban,YouTube,97.9,3,163.0,25.1,11,High (1-2h)
U0224,25-34,Female,Rural,Instagram,56.7,3,128.0,16.900000000000002,14,Moderate (30-60m)
U0225,18-24,Female,Urban,WhatsApp,58.5,6,8.0,37.9,11,Moderate (30-60m)
U0226,18-24,Female,Suburban,Instagram,94.9,4,23.0,18.7,5,High (1-2h)
U0227,55+,Male,Urban,YouTube,64.2,4,275.0,40.0,3,High (1-2h)
U0228,25-34,Female,Urban,Snapchat,49.3,5,77.0,20.599999999999998,2,Moderate (30-60m)
U0229,45-54,Male,Rural,Twitter/X,36.5,1,48.0,16.7,9,Moderate (30-60m)
U0230,25-34,Male,Urban,WhatsApp,84.7,4,18.0,12.5,1,High (1-2h)
U0231,35-44,Male,Rural,YouTube,41.1,2,25.0,16.900000000000002,9,Moderate (30-60m)
U0232,25-34,Female,Urban,WhatsApp,111.0,4,8.0,20.7,1,High (1-2h)
U0233,25-34,Female,Urban,YouTube,116.8,5,80.0,37.2,14,High (1-2h)
U0234,25-34,Female,Urban,YouTube,90.4,2,44.0,11.0,7,High (1-2h)
U0235,18-24,Male,Suburban,Instagram,102.6,4,28.0,9.5,6,High (1-2h)
U0236,35-44,Female,Urban,LinkedIn,90.6,1,83.0,10.4,7,High (1-2h)
U0237,18-24,Male,Rural,YouTube,107.1,2,139.0,27.3,3,High (1-2h)
U0238,13-17,Female,Suburban,Instagram,104.3,4,1110.0,18.9,14,High (1-2h)
U0239,25-34,Male,Rural,YouTube,81.8,1,15.0,21.3,3,High (1-2h)
U0240,18-24,Male,Urban,YouTube,124.6,1,362.0,45.2,13,Very High (2-5h)
U0241,55+,Male,Rural,Twitter/X,58.1,0,289.0,10.6,11,Moderate (30-60m)
U0242,55+,Male,Suburban,Facebook,37.3,3,35.0,23.7,1,Moderate (30-60m)
U0243,45-54,Female,Suburban,Facebook,35.9,3,115.0,30.8,4,Moderate (30-60m)
U0244,25-34,Female,Rural,Instagram,52.3,4,52.0,25.1,12,Moderate (30-60m)
U0245,13-17,Male,Suburban,YouTube,12.1,2,112.0,6.4,2,Low (<30m)
U0246,45-54,Female,Suburban,YouTube,74.9,3,551.0,35.0,10,High (1-2h)
U0247,25-34,Male,Urban,Instagram,98.7,6,186.0,26.5,8,High (1-2h)
U0248,55+,Female,Urban,Instagram,115.8,2,166.0,9.5,3,High (1-2h)
U0249,55+,Female,Rural,Facebook,16.7,2,54.0,34.599999999999994,7,Low (<30m)
U0250,45-54,Female,Suburban,Instagram,36.8,2,15.0,5.800000000000001,7,Moderate (30-60m)
U0251,18-24,Male,Suburban,YouTube,108.9,4,70.0,4.6,12,High (1-2h)
U0252,25-34,Female,Suburban,Instagram,56.8,1,383.0,20.7,9,Moderate (30-60m)
U0253,45-54,Female,Urban,Instagram,97.3,4,14.0,14.7,6,High (1-2h)
U0254,18-24,Male,Urban,Instagram,24.2,3,25.0,16.400000000000002,1,Low (<30m)
U0255,18-24,Male,Suburban,Snapchat,145.5,3,105.0,34.0,8,Very High (2-5h)
U0256,25-34,Female,Urban,Twitter/X,22.6,5,28.0,27.3,1,Low (<30m)
U0257,55+,Female,Urban,Snapchat,73.5,3,35.0,21.099999999999998,3,High (1-2h)
U0258,35-44,Female,Suburban,YouTube,74.7,1,54.0,2.7,11,High (1-2h)
U0259,25-34,Female,Urban,Instagram,45.6,1,17.0,34.4,5,Moderate (30-60m)
U0260,13-17,Female,Suburban,YouTube,88.4,3,28.0,22.400000000000002,8,High (1-2h)
U0261,25-34,Male,Urban,YouTube,90.0,5,209.0,24.7,9,High (1-2h)
U0262,55+,Male,Suburban,Twitter/X,83.9,4,19.0,1.2,7,High (1-2h)
U0263,18-24,Male,Urban,Instagram,45.0,2,13.0,45.2,9,Moderate (30-60m)
U0264,25-34,Female,Suburban,YouTube,38.9,7,42.0,15.4,11,Moderate (30-60m)
U0265,45-54,Male,Urban,Instagram,48.5,0,217.0,4.0,3,Moderate (30-60m)
U0266,35-44,Female,Urban,YouTube,35.0,4,71.0,46.9,13,Moderate (30-60m)
U0267,35-44,Female,Urban,Facebook,128.1,2,52.0,10.8,5,Very High (2-5h)
U0268,35-44,Female,Suburban,YouTube,51.6,3,95.0,41.4,10,Moderate (30-60m)
U0269,25-34,Male,Suburban,YouTube,72.1,1,11.0,26.400000000000002,8,High (1-2h)
U0270,18-24,Female,Urban,YouTube,108.7,3,163.0,20.7,12,High (1-2h)
U0271,35-44,Male,Suburban,YouTube,33.7,1,143.0,12.9,1,Moderate (30-60m)
U0272,35-44,Female,Rural,Facebook,21.8,3,55.0,33.7,8,Low (<30m)
U0273,45-54,Male,Suburban,LinkedIn,35.1,6,301.0,12.9,7,Moderate (30-60m)
U0274,45-54,Male,Urban,Snapchat,77.3,3,23.0,7.3999999999999995,1,High (1-2h)
U0275,25-34,Female,Suburban,Facebook,73.9,2,348.0,14.2,13,High (1-2h)
U0276,25-34,Male,Urban,YouTube,83.8,1,108.0,27.6,13,High (1-2h)
U0277,35-44,Male,Urban,WhatsApp,60.5,4,60.0,18.9,10,High (1-2h)
U0278,25-34,Female,Rural,YouTube,5.8,4,88.0,16.5,12,Low (<30m)
U0279,35-44,Female,Urban,Instagram,59.2,3,79.0,16.900000000000002,10,Moderate (30-60m)
U0280,35-44,Female,Suburban,Twitter/X,117.6,1,389.0,39.900000000000006,12,High (1-2h)
U0281,45-54,Female,Suburban,Instagram,136.3,4,25.0,10.0,6,Very High (2-5h)
U0282,18-24,Female,Suburban,LinkedIn,69.0,2,36.0,27.200000000000003,1,High (1-2h)
U0283,25-34,Male,Suburban,YouTube,74.1,4,312.0,42.8,2,High (1-2h)
U0284,13-17,Male,Urban,WhatsApp,96.2,1,44.0,31.2,5,High (1-2h)
U0285,25-34,Male,Urban,WhatsApp,134.0,5,265.0,11.5,2,Very High (2-5h)
U0286,13-17,Female,Suburban,LinkedIn,65.0,3,692.0,24.2,14,High (1-2h)
U0287,25-34,Female,Urban,WhatsApp,95.3,1,56.0,41.3,10,High (1-2h)
U0288,25-34,Male,Urban,WhatsApp,43.6,2,204.0,12.9,1,Moderate (30-60m)
U0289,18-24,Male,Urban,Instagram,24.6,1,23.0,18.5,6,Low (<30m)
U0290,25-34,Female,Urban,YouTube,47.0,5,223.0,22.900000000000002,8,Moderate (30-60m)
U0291,13-17,Male,Urban,Instagram,152.5,1,114.0,16.900000000000002,8,Very High (2-5h)
U0292,13-17,Female,Urban,Facebook,96.5,3,159.0,8.799999999999999,13,High (1-2h)
U0293,35-44,Female,Suburban,YouTube,26.6,2,41.0,3.4000000000000004,13,Low (<30m)
U0294,25-34,Female,Suburban,WhatsApp,99.3,3,12.0,17.8,8,High (1-2h)
U0295,18-24,Male,Rural,Instagram,28.2,2,165.0,29.9,11,Low (<30m)
U0296,25-34,Female,Urban,Instagram,83.1,5,8.0,4.1000000000000005,6,High (1-2h)
U0297,35-44,Female,Urban,Facebook,32.7,4,62.0,25.900000000000002,11,Moderate (30-60m)
U0298,18-24,Female,Urban,Instagram,25.4,5,279.0,12.7,3,Low (<30m)
U0299,25-34,Female,Suburban,Instagram,167.9,2,113.0,22.6,1,Very High (2-5h)
U0300,13-17,Female,Suburban,Instagram,51.5,3,933.0,25.900000000000002,2,Moderate (30-60m)
U0301,13-17,Female,Urban,Snapchat,95.4,2,308.0,10.100000000000001,5,High (1-2h)
U0302,25-34,Male,Rural,Facebook,66.8,1,41.0,16.0,13,High (1-2h)
U0303,25-34,Female,Urban,YouTube,30.0,3,93.0,25.4,10,Low (<30m)
U0304,25-34,Female,Suburban,Instagram,55.4,1,85.0,28.299999999999997,5,Moderate (30-60m)
U0305,35-44,Male,Suburban,YouTube,30.2,7,13.0,25.1,10,Moderate (30-60m)
U0306,55+,Female,Rural,Facebook,240.3,6,29.0,24.0,14,Very High (2-5h)
U0307,25-34,Female,Suburban,WhatsApp,106.2,3,46.0,30.099999999999998,1,High (1-2h)
U0308,18-24,Female,Rural,Instagram,66.0,4,8.0,12.2,1,High (1-2h)
U0309,35-44,Male,Urban,Instagram,92.3,1,95.0,3.1,9,High (1-2h)
U0310,18-24,Male,Rural,Instagram,102.0,1,67.0,52.0,2,High (1-2h)
U0311,25-34,Other,Urban,WhatsApp,102.2,2,12.0,4.2,7,High (1-2h)
U0312,13-17,Female,Rural,Facebook,99.5,3,146.0,11.4,10,High (1-2h)
U0313,13-17,Male,Suburban,Instagram,94.8,3,213.0,20.8,4,High (1-2h)
U0314,55+,Female,Rural,Instagram,69.6,1,118.0,4.3,7,High (1-2h)
U0315,45-54,Female,Suburban,Instagram,160.2,4,61.0,8.3,8,Very High (2-5h)
U0316,35-44,Female,Suburban,Snapchat,72.6,1,183.0,38.2,5,High (1-2h)
U0317,25-34,Female,Suburban,Instagram,67.3,3,204.0,43.8,13,High (1-2h)
U0318,18-24,Male,Suburban,Facebook,73.0,3,130.0,20.1,12,High (1-2h)
U0319,18-24,Male,Urban,WhatsApp,76.4,1,33.0,28.1,12,High (1-2h)
U0320,18-24,Male,Urban,YouTube,16.8,2,125.0,11.1,1,Low (<30m)
U0321,25-34,Female,Urban,Instagram,34.8,4,378.0,46.800000000000004,4,Moderate (30-60m)
U0322,35-44,Male,Urban,Instagram,60.5,2,44.0,16.7,10,High (1-2h)
U0323,35-44,Male,Rural,WhatsApp,16.1,0,1116.0,22.900000000000002,3,Low (<30m)
U0324,18-24,Male,Urban,Facebook,65.9,4,48.0,14.499999999999998,10,High (1-2h)
U0325,55+,Female,Rural,WhatsApp,75.7,0,94.0,33.0,12,High (1-2h)
U0326,35-44,Female,Urban,YouTube,23.7,2,40.0,22.1,5,Low (<30m)
U0327,25-34,Male,Urban,Instagram,41.4,5,118.0,45.1,10,Moderate (30-60m)
U0328,25-34,Male,Suburban,Snapchat,139.6,1,11.0,21.8,13,Very High (2-5h)
U0329,25-34,Female,Suburban,Facebook,92.9,5,47.0,20.8,10,High (1-2h)
U0330,18-24,Male,Suburban,Instagram,89.6,4,24.0,26.8,13,High (1-2h)
U0331,25-34,Male,Suburban,Snapchat,129.5,4,106.0,30.599999999999998,6,Very High (2-5h)
U0332,35-44,Male,Suburban,WhatsApp,35.4,3,297.0,15.299999999999999,2,Moderate (30-60m)
U0333,13-17,Male,Urban,WhatsApp,23.8,6,195.0,1.0999999999999999,7,Low (<30m)
U0334,18-24,Male,Rural,Facebook,119.1,2,5.0,24.3,13,High (1-2h)
U0335,13-17,Female,Rural,Twitter/X,61.7,4,1044.0,19.0,3,High (1-2h)
U0336,13-17,Male,Suburban,WhatsApp,34.7,2,128.0,54.6,1,Moderate (30-60m)
U0337,45-54,Female,Urban,Instagram,16.7,5,35.0,23.400000000000002,10,Low (<30m)
U0338,35-44,Male,Suburban,YouTube,73.5,3,109.0,25.3,3,High (1-2h)
U0339,25-34,Female,Urban,LinkedIn,57.0,3,111.0,35.699999999999996,9,Moderate (30-60m)
U0340,13-17,Female,Urban,Instagram,50.5,3,40.0,26.400000000000002,10,Moderate (30-60m)
U0341,25-34,Male,Urban,YouTube,8.1,1,114.0,9.3,11,Low (<30m)
U0342,25-34,Female,Suburban,YouTube,159.0,3,43.0,21.099999999999998,11,Very High (2-5h)
U0343,18-24,Male,Rural,YouTube,20.2,6,55.0,25.8,6,Low (<30m)
U0344,25-34,Other,Suburban,WhatsApp,53.9,3,40.0,58.199999999999996,11,Moderate (30-60m)
U0345,25-34,Male,Suburban,LinkedIn,47.8,1,16.0,58.3,6,Moderate (30-60m)
U0346,25-34,Male,Urban,Instagram,94.6,3,107.0,18.4,4,High (1-2h)
U0347,25-34,Male,Urban,Instagram,16.9,3,182.0,41.6,8,Low (<30m)
U0348,13-17,Other,Urban,Instagram,87.6,2,167.0,16.6,5,High (1-2h)
U0349,25-34,Female,Rural,LinkedIn,73.7,3,241.0,3.6999999999999997,7,High (1-2h)
U0350,25-34,Female,Urban,WhatsApp,39.9,0,133.0,10.4,9,Moderate (30-60m)
U0351,25-34,Male,Rural,Instagram,85.7,8,47.0,3.9,13,High (1-2h)
U0352,45-54,Female,Suburban,Twitter/X,65.8,1,247.0,33.0,13,High (1-2h)
U0353,35-44,Male,Urban,Twitter/X,181.7,1,18.0,17.8,14,Very High (2-5h)
U0354,18-24,Female,Suburban,Twitter/X,56.9,3,31.0,26.8,5,Moderate (30-60m)
U0355,13-17,Male,Suburban,LinkedIn,31.3,2,28.0,44.7,11,Moderate (30-60m)
U0356,25-34,Male,Rural,Instagram,88.2,2,329.0,27.200000000000003,14,High (1-2h)
U0357,13-17,Male,Rural,Facebook,52.1,3,279.0,20.599999999999998,5,Moderate (30-60m)
U0358,25-34,Male,Urban,YouTube,65.0,4,162.0,10.100000000000001,14,High (1-2h)
U0359,55+,Female,Urban,Twitter/X,23.9,3,326.0,5.4,4,Low (<30m)
U0360,25-34,Male,Suburban,Facebook,95.5,7,31.0,15.4,6,High (1-2h)
U0361,25-34,Female,Rural,Facebook,46.4,3,137.0,16.1,2,Moderate (30-60m)
U0362,25-34,Male,Urban,WhatsApp,77.5,3,77.0,19.5,3,High (1-2h)
U0363,25-34,Female,Suburban,Instagram,208.8,3,249.0,21.7,1,Very High (2-5h)
U0364,25-34,Male,Suburban,YouTube,54.7,5,78.0,34.8,2,Moderate (30-60m)
U0365,55+,Male,Suburban,Snapchat,103.7,5,57.0,12.4,2,High (1-2h)
U0366,25-34,Female,Urban,LinkedIn,57.3,4,172.0,41.9,8,Moderate (30-60m)
U0367,55+,Male,Suburban,Instagram,40.3,4,258.0,42.3,8,Moderate (30-60m)
U0368,45-54,Male,Rural,Instagram,142.5,2,40.0,32.5,2,Very High (2-5h)
U0369,18-24,Female,Urban,Instagram,12.5,6,84.0,0.7000000000000001,13,Low (<30m)
U0370,13-17,Female,Urban,Facebook,120.4,3,25.0,10.299999999999999,14,Very High (2-5h)
U0371,18-24,Male,Rural,Twitter/X,11.0,2,4.0,16.7,6,Low (<30m)
U0372,13-17,Male,Urban,Instagram,112.9,6,114.0,18.5,5,High (1-2h)
U0373,13-17,Female,Rural,YouTube,65.6,4,187.0,14.399999999999999,3,High (1-2h)
U0374,35-44,Male,Suburban,Twitter/X,31.3,3,123.0,27.500000000000004,5,Moderate (30-60m)
U0375,13-17,Male,Urban,Facebook,48.6,3,9.0,11.4,5,Moderate (30-60m)
U0376,18-24,Male,Rural,YouTube,100.3,6,59.0,20.7,5,High (1-2h)
U0377,45-54,Female,Urban,WhatsApp,197.2,4,6.0,10.2,3,Very High (2-5h)
U0378,13-17,Female,Suburban,YouTube,17.5,2,466.0,11.1,3,Low (<30m)
U0379,35-44,Male,Urban,Instagram,32.8,1,24.0,10.100000000000001,4,Moderate (30-60m)
U0380,18-24,Male,Suburban,WhatsApp,22.2,3,406.0,28.999999999999996,7,Low (<30m)
U0381,18-24,Male,Urban,WhatsApp,57.0,4,280.0,38.4,12,Moderate (30-60m)
U0382,35-44,Female,Urban,Twitter/X,114.8,5,31.0,27.0,12,High (1-2h)
U0383,25-34,Male,Rural,WhatsApp,19.7,6,23.0,16.3,12,Low (<30m)
U0384,45-54,Male,Urban,Facebook,64.5,2,137.0,37.3,14,High (1-2h)
U0385,35-44,Female,Suburban,Instagram,112.6,4,33.0,9.0,2,High (1-2h)
U0386,35-44,Male,Urban,YouTube,48.1,4,102.0,22.6,10,Moderate (30-60m)
U0387,18-24,Female,Suburban,Instagram,74.2,0,50.0,5.6000000000000005,4,High (1-2h)
U0388,18-24,Male,Urban,Instagram,136.3,4,11.0,3.8,4,Very High (2-5h)
U0389,35-44,Male,Rural,Facebook,28.2,5,6.0,7.1,1,Low (<30m)
U0390,35-44,Male,Suburban,Snapchat,13.8,2,118.0,4.7,10,Low (<30m)
U0391,55+,Female,Urban,Instagram,80.2,5,46.0,14.499999999999998,8,High (1-2h)
U0392,25-34,Female,Urban,YouTube,81.6,4,46.0,43.6,1,High (1-2h)
U0393,25-34,Female,Urban,Twitter/X,45.8,5,207.0,10.9,8,Moderate (30-60m)
U0394,35-44,Male,Suburban,Instagram,39.5,2,368.0,25.0,7,Moderate (30-60m)
U0395,18-24,Female,Urban,WhatsApp,66.5,2,65.0,3.4000000000000004,9,High (1-2h)
U0396,55+,Male,Rural,Facebook,27.8,0,60.0,9.0,8,Low (<30m)
U0397,45-54,Male,Urban,WhatsApp,27.9,4,164.0,7.3,5,Low (<30m)
U0398,25-34,Female,Urban,Instagram,99.9,1,18.0,13.4,8,High (1-2h)
U0399,35-44,Male,Suburban,YouTube,26.3,2,118.0,12.9,14,Low (<30m)
U0400,35-44,Male,Suburban,Facebook,14.7,3,175.0,27.6,11,Low (<30m)
U0401,18-24,Male,Urban,WhatsApp,39.4,2,204.0,41.699999999999996,10,Moderate (30-60m)
U0402,45-54,Male,Urban,Instagram,46.6,2,9.0,12.6,12,Moderate (30-60m)
U0403,25-34,Male,Urban,Facebook,87.6,1,36.0,4.8,12,High (1-2h)
U0404,35-44,Female,Suburban,Instagram,42.0,3,31.0,32.2,3,Moderate (30-60m)
U0405,18-24,Male,Suburban,Facebook,150.2,4,101.0,7.5,10,Very High (2-5h)
U0406,45-54,Female,Suburban,Instagram,68.8,6,160.0,35.8,7,High (1-2h)
U0407,25-34,Female,Rural,Snapchat,35.4,3,542.0,21.2,12,Moderate (30-60m)
U0408,13-17,Male,Rural,YouTube,85.3,2,50.0,7.199999999999999,4,High (1-2h)
U0409,45-54,Male,Suburban,YouTube,148.6,3,50.0,38.5,5,Very High (2-5h)
U0410,13-17,Male,Rural,Instagram,98.2,1,358.0,45.5,9,High (1-2h)
U0411,18-24,Female,Urban,YouTube,18.7,2,128.0,8.4,7,Low (<30m)
U0412,55+,Male,Urban,Twitter/X,49.5,1,412.0,15.1,4,Moderate (30-60m)
U0413,55+,Female,Urban,Snapchat,76.7,3,127.0,35.199999999999996,6,High (1-2h)
U0414,25-34,Male,Urban,YouTube,95.6,4,22.0,27.400000000000002,10,High (1-2h)
U0415,25-34,Female,Suburban,YouTube,57.2,2,18.0,30.7,14,Moderate (30-60m)
U0416,25-34,Male,Rural,Facebook,51.8,2,14.0,14.899999999999999,11,Moderate (30-60m)
U0417,18-24,Male,Urban,LinkedIn,180.9,3,199.0,16.900000000000002,7,Very High (2-5h)
U0418,18-24,Female,Urban,WhatsApp,99.1,2,375.0,15.2,13,High (1-2h)
U0419,35-44,Female,Suburban,YouTube,85.5,2,828.0,6.6000000000000005,10,High (1-2h)
U0420,35-44,Male,Rural,YouTube,43.3,3,248.0,28.799999999999997,13,Moderate (30-60m)
U0421,35-44,Female,Urban,WhatsApp,27.5,1,363.0,33.5,9,Low (<30m)
U0422,35-44,Female,Suburban,Instagram,86.4,6,45.0,19.6,4,High (1-2h)
U0423,13-17,Female,Urban,WhatsApp,105.8,2,22.0,3.9,10,High (1-2h)
U0424,25-34,Female,Urban,YouTube,64.8,2,250.0,6.3,3,High (1-2h)
U0425,13-17,Male,Rural,Facebook,99.2,2,149.0,34.5,8,High (1-2h)
U0426,25-34,Male,Rural,Instagram,100.8,4,102.0,20.5,1,High (1-2h)
U0427,25-34,Male,Urban,WhatsApp,110.2,1,143.0,30.599999999999998,9,High (1-2h)
U0428,45-54,Female,Rural,YouTube,18.4,2,133.0,30.599999999999998,13,Low (<30m)
U0429,25-34,Female,Suburban,WhatsApp,50.5,4,420.0,33.800000000000004,1,Moderate (30-60m)
U0430,18-24,Male,Rural,Instagram,89.7,3,426.0,33.4,2,High (1-2h)
U0431,18-24,Male,Suburban,WhatsApp,67.2,3,173.0,19.6,13,High (1-2h)
U0432,35-44,Female,Suburban,WhatsApp,101.0,3,248.0,11.600000000000001,8,High (1-2h)
U0433,25-34,Other,Suburban,WhatsApp,85.4,6,167.0,24.6,9,High (1-2h)
U0434,18-24,Female,Suburban,WhatsApp,8.7,3,52.0,17.0,7,Low (<30m)
U0435,13-17,Male,Urban,WhatsApp,126.5,3,223.0,13.4,3,Very High (2-5h)
U0436,35-44,Male,Urban,Twitter/X,46.1,1,17.0,19.5,7,Moderate (30-60m)
U0437,13-17,Male,Urban,Instagram,33.9,2,319.0,11.600000000000001,6,Moderate (30-60m)
U0438,35-44,Female,Suburban,Twitter/X,123.9,4,21.0,4.0,2,Very High (2-5h)
U0439,35-44,Male,Urban,YouTube,96.2,3,127.0,37.5,3,High (1-2h)
U0440,13-17,Female,Suburban,Instagram,134.5,3,33.0,28.499999999999996,11,Very High (2-5h)
U0441,13-17,Male,Rural,Instagram,77.2,2,175.0,25.5,13,High (1-2h)
U0442,55+,Female,Urban,YouTube,50.0,3,86.0,4.7,12,Moderate (30-60m)
U0443,25-34,Female,Suburban,Facebook,71.5,1,13.0,41.099999999999994,13,High (1-2h)
U0444,25-34,Female,Urban,Facebook,29.3,2,149.0,20.7,10,Low (<30m)
U0445,35-44,Male,Rural,Facebook,21.7,2,45.0,27.900000000000002,10,Low (<30m)
U0446,55+,Male,Urban,YouTube,41.0,3,259.0,35.099999999999994,13,Moderate (30-60m)
U0447,55+,Male,Suburban,YouTube,159.0,5,90.0,11.0,12,Very High (2-5h)
U0448,35-44,Female,Rural,Instagram,44.1,3,145.0,35.3,5,Moderate (30-60m)
U0449,25-34,Female,Rural,YouTube,15.0,6,29.0,32.300000000000004,10,Low (<30m)
U0450,13-17,Female,Suburban,YouTube,58.4,2,44.0,14.499999999999998,4,Moderate (30-60m)
U0451,35-44,Female,Suburban,Instagram,43.7,5,52.0,16.2,2,Moderate (30-60m)
U0452,25-34,Female,Suburban,Instagram,127.9,6,252.0,38.3,4,Very High (2-5h)
U0453,25-34,Male,Rural,WhatsApp,152.2,6,674.0,26.200000000000003,12,Very High (2-5h)
U0454,45-54,Female,Suburban,Facebook,48.4,3,34.0,31.6,8,Moderate (30-60m)
U0455,18-24,Male,Urban,Snapchat,77.2,4,328.0,33.7,5,High (1-2h)
U0456,25-34,Male,Rural,LinkedIn,81.4,3,7.0,4.5,5,High (1-2h)
U0457,13-17,Female,Suburban,WhatsApp,62.9,2,21.0,7.1,13,High (1-2h)
U0458,25-34,Male,Suburban,YouTube,55.3,5,28.0,8.1,12,Moderate (30-60m)
U0459,13-17,Male,Urban,WhatsApp,32.1,4,18.0,22.3,12,Moderate (30-60m)
U0460,18-24,Female,Suburban,Facebook,12.8,2,13.0,22.5,10,Low (<30m)
U0461,18-24,Male,Urban,Instagram,32.0,0,148.0,13.3,3,Moderate (30-60m)
U0462,25-34,Female,Suburban,YouTube,61.4,0,70.0,42.1,13,High (1-2h)
U0463,35-44,Male,Urban,Twitter/X,19.7,5,142.0,7.5,8,Low (<30m)
U0464,25-34,Male,Suburban,YouTube,74.6,6,206.0,41.9,6,High (1-2h)
U0465,55+,Male,Rural,WhatsApp,68.1,1,124.0,5.4,2,High (1-2h)
U0466,25-34,Male,Urban,WhatsApp,43.7,2,198.0,20.200000000000003,2,Moderate (30-60m)
U0467,18-24,Female,Rural,Instagram,53.7,5,83.0,3.4000000000000004,9,Moderate (30-60m)
U0468,45-54,Male,Urban,YouTube,22.8,4,22.0,3.5000000000000004,13,Low (<30m)
U0469,18-24,Female,Rural,YouTube,109.0,3,320.0,33.2,7,High (1-2h)
U0470,55+,Male,Suburban,Instagram,107.8,2,44.0,16.7,10,High (1-2h)
U0471,13-17,Female,Suburban,Instagram,26.3,0,29.0,3.8,9,Low (<30m)
U0472,55+,Female,Suburban,Twitter/X,27.0,4,73.0,14.000000000000002,14,Low (<30m)
U0473,13-17,Female,Rural,Instagram,32.3,5,30.0,8.799999999999999,6,Moderate (30-60m)
U0474,45-54,Male,Urban,YouTube,92.5,2,55.0,54.50000000000001,5,High (1-2h)
U0475,25-34,Male,Urban,Instagram,81.2,3,136.0,37.0,12,High (1-2h)
U0476,55+,Male,Suburban,LinkedIn,123.1,7,137.0,50.3,1,Very High (2-5h)
U0477,13-17,Female,Rural,Instagram,131.5,5,31.0,29.099999999999998,12,Very High (2-5h)
U0478,25-34,Male,Suburban,YouTube,18.1,3,50.0,25.2,6,Low (<30m)
U0479,55+,Female,Suburban,Twitter/X,90.5,1,327.0,8.7,6,High (1-2h)
U0480,25-34,Female,Urban,Twitter/X,128.4,3,163.0,2.1999999999999997,3,Very High (2-5h)
U0481,25-34,Male,Rural,Instagram,51.3,4,1086.0,25.3,3,Moderate (30-60m)
U0482,35-44,Female,Urban,Twitter/X,64.0,1,371.0,29.099999999999998,3,High (1-2h)
U0483,25-34,Male,Suburban,YouTube,57.6,3,355.0,23.7,3,Moderate (30-60m)
U0484,25-34,Male,Urban,YouTube,59.4,3,17.0,40.5,7,Moderate (30-60m)
U0485,25-34,Female,Urban,Instagram,108.7,4,225.0,11.4,10,High (1-2h)
U0486,45-54,Female,Urban,Instagram,176.9,1,84.0,19.5,11,Very High (2-5h)
U0487,13-17,Female,Urban,Facebook,147.1,2,46.0,6.800000000000001,2,Very High (2-5h)
U0488,18-24,Male,Suburban,YouTube,45.2,3,110.0,22.0,10,Moderate (30-60m)
U0489,55+,Male,Urban,YouTube,77.3,2,280.0,34.1,13,High (1-2h)
U0490,45-54,Female,Urban,Facebook,36.2,1,164.0,21.8,10,Moderate (30-60m)
U0491,25-34,Female,Urban,Facebook,39.0,1,31.0,17.8,2,Moderate (30-60m)
U0492,25-34,Female,Urban,Instagram,62.1,3,219.0,11.700000000000001,3,High (1-2h)
U0493,18-24,Male,Urban,WhatsApp,38.2,0,42.0,29.4,10,Moderate (30-60m)
U0494,18-24,Female,Urban,Instagram,42.6,3,117.0,10.5,12,Moderate (30-60m)
U0495,25-34,Male,Suburban,Facebook,76.2,1,63.0,40.2,7,High (1-2h)
U0496,25-34,Male,Suburban,WhatsApp,89.7,1,69.0,51.5,3,High (1-2h)
U0497,25-34,Female,Suburban,Snapchat,88.2,7,226.0,10.4,7,High (1-2h)
U0498,13-17,Male,Suburban,Instagram,88.7,3,26.0,13.4,9,High (1-2h)
U0499,55+,Female,Urban,Instagram,24.2,2,929.0,6.1,11,Low (<30m)
U0500,55+,Male,Rural,Instagram,36.8,4,10.0,31.0,10,Moderate (30-60m)
